id_noticia,fuente,url,categoria_busqueda
N001,BioBioChile,https://www.biobiochile.cl/noticias/nacional/region-metropolitana/2026/09/01/investigan-asesinato-en-san-ramon-hombre-muere-tras-ataque-a-tiros-en-poblacion-la-bandera.shtml,homicidio
N002,Cooperativa,https://www.cooperativa.cl/noticias/pais/policial/drogas/pdi-desbarato-red-de-narcotrafico-en-los-rios-12-detenidos-y-150-kilos/2026-08-21/123148.html,trafico_drogas
N003,LaTercera,https://www.latercera.com/nacional/noticia/pdi-detuvo-a-dos-colombianos-por-el-crimen-el-presunto-ajuste-de-cuentas-narco-detras-de-horroroso-homicidio-en-curacavi/,homicidio
N004,Cooperativa,https://www.cooperativa.cl/noticias/pais/policial/drogas/cayo-narcobanda-en-maipu-y-recoleta-ocultaban-la-mercancia-en-la-rueda/2026-08-30/133248.html,trafico_drogas
N005,BioBioChile,https://www.biobiochile.cl/noticias/nacional/region-de-coquimbo/2026/09/08/hombre-muere-acribillado-en-la-serena-desconocidos-llegaron-en-auto-a-robar-a-inmueble-donde-estaba.shtml,homicidio
N006,Cooperativa,https://www.cooperativa.cl/noticias/pais/policial/homicidios/hombre-fue-asesinado-en-pudahuel-investigan-quitada-de-droga/2026-09-15/073207.html,homicidio
N007,LaTercera,https://www.latercera.com/nacional/noticia/carabineros-incauta-armamento-de-guerra-y-detiene-a-tres-personas-en-operativo-en-santiago-centro/,armas
N008,BioBioChile,https://www.biobiochile.cl/noticias/nacional/region-del-bio-bio/2026/09/13/familia-de-adulta-mayor-asesinada-en-coronel-piden-que-padres-de-imputados-enfrenten-a-la-justicia.shtml,homicidio
N009,Cooperativa,https://www.cooperativa.cl/noticias/pais/policial/drogas/mas-de-dos-kilos-de-droga-incautada-en-allanamientos-simultaneos-en-isla/2026-09-05/103258.html,trafico_drogas
N010,LaTercera,https://www.latercera.com/nacional/noticia/carabineros-detiene-a-integrantes-de-banda-dedicada-al-robo-de-vehiculos-en-la-capital/20240110/,robo
